iter	RMSE
0	65.17774478
1	14.35055538
2	94.0876448
3	28.12333499
4	110.9136209
5	41.35531009
6	123.0605159
7	54.08234389
8	143.5296964
9	60.88925743
10	34.50279449
11	3.111252654
12	61.15599171
13	11.18298557
14	87.7930204
